Date,Price,EUR Annual Growth Rate,United States GDP Annual Growth Rate,Gold Price (USD),Gold Price (EUR),Oil Price (Mean),Global Uncertainty Index
1/1/2021,1.2212,0.3,1.8,"1,533.90","1,867.00",43.53951011,11956.5
1/4/2021,1.2248,0.3,1.8,"1,533.90","1,867.00",43.53951011,11956.5
1/5/2021,1.2294,0.3,1.8,"1,533.90","1,867.00",43.53951011,11956.5
1/6/2021,1.2325,0.3,1.8,"1,533.90","1,867.00",43.53951011,11956.5
1/7/2021,1.227,0.3,1.8,"1,533.90","1,867.00",43.53951011,11956.5
1/8/2021,1.2218,0.3,1.8,"1,533.90","1,867.00",43.53951011,11956.5
1/11/2021,1.2149,0.3,1.8,"1,533.90","1,867.00",43.53951011,11956.5
1/12/2021,1.2207,0.3,1.8,"1,533.90","1,867.00",43.53951011,11956.5
01/13/2021,1.2157,0.3,1.8,"1,533.90","1,867.00",43.53951011,11956.5
01/14/2021,1.2156,0.3,1.8,"1,533.90","1,867.00",43.53951011,11956.5
01/15/2021,1.2078,0.3,1.8,"1,533.90","1,867.00",43.53951011,11956.5
01/18/2021,1.2076,0.3,1.8,"1,533.90","1,867.00",43.53951011,11956.5
01/19/2021,1.2128,0.3,1.8,"1,533.90","1,867.00",43.53951011,11956.5
01/20/2021,1.2104,0.3,1.8,"1,533.90","1,867.00",43.53951011,11956.5
01/21/2021,1.2162,0.3,1.8,"1,533.90","1,867.00",43.53951011,11956.5
01/22/2021,1.2167,0.3,1.8,"1,533.90","1,867.00",43.53951011,11956.5
01/25/2021,1.2137,0.3,1.8,"1,533.90","1,867.00",43.53951011,11956.5
01/26/2021,1.216,0.3,1.8,"1,533.90","1,867.00",43.53951011,11956.5
01/27/2021,1.2108,0.3,1.8,"1,533.90","1,867.00",43.53951011,11956.5
01/28/2021,1.2121,0.3,1.8,"1,533.90","1,867.00",43.53951011,11956.5
01/29/2021,1.2136,0.3,1.8,"1,533.90","1,867.00",43.53951011,11956.5
2/1/2021,1.2059,0.3,1.8,"1,495.10","1,808.20",102.8875456,9050.3
2/2/2021,1.2042,0.3,1.8,"1,495.10","1,808.20",102.8875456,9050.3
2/3/2021,1.2034,0.3,1.8,"1,495.10","1,808.20",102.8875456,9050.3
2/4/2021,1.1962,0.3,1.8,"1,495.10","1,808.20",102.8875456,9050.3
2/5/2021,1.2042,0.3,1.8,"1,495.10","1,808.20",102.8875456,9050.3
2/8/2021,1.2048,0.3,1.8,"1,495.10","1,808.20",102.8875456,9050.3
2/9/2021,1.2117,0.3,1.8,"1,495.10","1,808.20",102.8875456,9050.3
2/10/2021,1.2116,0.3,1.8,"1,495.10","1,808.20",102.8875456,9050.3
2/11/2021,1.2128,0.3,1.8,"1,495.10","1,808.20",102.8875456,9050.3
2/12/2021,1.2118,0.3,1.8,"1,495.10","1,808.20",102.8875456,9050.3
02/15/2021,1.2127,0.3,1.8,"1,495.10","1,808.20",102.8875456,9050.3
02/16/2021,1.2104,0.3,1.8,"1,495.10","1,808.20",102.8875456,9050.3
02/17/2021,1.2036,0.3,1.8,"1,495.10","1,808.20",102.8875456,9050.3
02/18/2021,1.2088,0.3,1.8,"1,495.10","1,808.20",102.8875456,9050.3
02/19/2021,1.2117,0.3,1.8,"1,495.10","1,808.20",102.8875456,9050.3
02/22/2021,1.2154,0.3,1.8,"1,495.10","1,808.20",102.8875456,9050.3
02/23/2021,1.2149,0.3,1.8,"1,495.10","1,808.20",102.8875456,9050.3
02/24/2021,1.2164,0.3,1.8,"1,495.10","1,808.20",102.8875456,9050.3
02/25/2021,1.2176,0.3,1.8,"1,495.10","1,808.20",102.8875456,9050.3
02/26/2021,1.2074,0.3,1.8,"1,495.10","1,808.20",102.8875456,9050.3
3/1/2021,1.2047,0.3,1.8,"1,444.10","1,718.20",79.3254432,13602.1
3/2/2021,1.2089,0.3,1.8,"1,444.10","1,718.20",79.3254432,13602.1
3/3/2021,1.2062,0.3,1.8,"1,444.10","1,718.20",79.3254432,13602.1
3/4/2021,1.1966,0.3,1.8,"1,444.10","1,718.20",79.3254432,13602.1
3/5/2021,1.1917,0.3,1.8,"1,444.10","1,718.20",79.3254432,13602.1
3/8/2021,1.1843,0.3,1.8,"1,444.10","1,718.20",79.3254432,13602.1
3/9/2021,1.1898,0.3,1.8,"1,444.10","1,718.20",79.3254432,13602.1
3/10/2021,1.1925,0.3,1.8,"1,444.10","1,718.20",79.3254432,13602.1
3/11/2021,1.1984,0.3,1.8,"1,444.10","1,718.20",79.3254432,13602.1
3/12/2021,1.1952,0.3,1.8,"1,444.10","1,718.20",79.3254432,13602.1
03/15/2021,1.1928,0.3,1.8,"1,444.10","1,718.20",79.3254432,13602.1
03/16/2021,1.19,0.3,1.8,"1,444.10","1,718.20",79.3254432,13602.1
03/17/2021,1.1978,0.3,1.8,"1,444.10","1,718.20",79.3254432,13602.1
03/18/2021,1.1915,0.3,1.8,"1,444.10","1,718.20",79.3254432,13602.1
03/19/2021,1.1903,0.3,1.8,"1,444.10","1,718.20",79.3254432,13602.1
03/22/2021,1.1931,0.3,1.8,"1,444.10","1,718.20",79.3254432,13602.1
03/23/2021,1.1849,0.3,1.8,"1,444.10","1,718.20",79.3254432,13602.1
03/24/2021,1.1812,0.3,1.8,"1,444.10","1,718.20",79.3254432,13602.1
03/25/2021,1.1764,0.3,1.8,"1,444.10","1,718.20",79.3254432,13602.1
03/26/2021,1.1796,0.3,1.8,"1,444.10","1,718.20",79.3254432,13602.1
03/29/2021,1.1762,0.3,1.8,"1,444.10","1,718.20",79.3254432,13602.1
03/30/2021,1.1714,0.3,1.8,"1,444.10","1,718.20",79.3254432,13602.1
03/31/2021,1.1728,0.3,1.8,"1,444.10","1,718.20",79.3254432,13602.1
4/1/2021,1.1775,14.7,12.4,"1,469.90","1,761.70",65.98532222,14890
4/2/2021,1.1762,14.7,12.4,"1,469.90","1,761.70",65.98532222,14890
4/5/2021,1.1811,14.7,12.4,"1,469.90","1,761.70",65.98532222,14890
4/6/2021,1.1875,14.7,12.4,"1,469.90","1,761.70",65.98532222,14890
4/7/2021,1.187,14.7,12.4,"1,469.90","1,761.70",65.98532222,14890
4/8/2021,1.1912,14.7,12.4,"1,469.90","1,761.70",65.98532222,14890
4/9/2021,1.1896,14.7,12.4,"1,469.90","1,761.70",65.98532222,14890
4/12/2021,1.1909,14.7,12.4,"1,469.90","1,761.70",65.98532222,14890
04/13/2021,1.1946,14.7,12.4,"1,469.90","1,761.70",65.98532222,14890
04/14/2021,1.1978,14.7,12.4,"1,469.90","1,761.70",65.98532222,14890
04/15/2021,1.1965,14.7,12.4,"1,469.90","1,761.70",65.98532222,14890
04/16/2021,1.1983,14.7,12.4,"1,469.90","1,761.70",65.98532222,14890
04/19/2021,1.2033,14.7,12.4,"1,469.90","1,761.70",65.98532222,14890
04/20/2021,1.2033,14.7,12.4,"1,469.90","1,761.70",65.98532222,14890
04/21/2021,1.2033,14.7,12.4,"1,469.90","1,761.70",65.98532222,14890
04/22/2021,1.2015,14.7,12.4,"1,469.90","1,761.70",65.98532222,14890
04/23/2021,1.2099,14.7,12.4,"1,469.90","1,761.70",65.98532222,14890
04/26/2021,1.2083,14.7,12.4,"1,469.90","1,761.70",65.98532222,14890
04/27/2021,1.209,14.7,12.4,"1,469.90","1,761.70",65.98532222,14890
04/28/2021,1.2123,14.7,12.4,"1,469.90","1,761.70",65.98532222,14890
04/29/2021,1.2118,14.7,12.4,"1,469.90","1,761.70",65.98532222,14890
04/30/2021,1.2018,14.7,12.4,"1,469.90","1,761.70",65.98532222,14890
5/3/2021,1.2061,14.7,12.4,"1,525.30","1,853.20",63.46567209,15392.9
5/4/2021,1.2013,14.7,12.4,"1,525.30","1,853.20",63.46567209,15392.9
5/5/2021,1.2005,14.7,12.4,"1,525.30","1,853.20",63.46567209,15392.9
5/6/2021,1.2064,14.7,12.4,"1,525.30","1,853.20",63.46567209,15392.9
5/7/2021,1.2163,14.7,12.4,"1,525.30","1,853.20",63.46567209,15392.9
5/10/2021,1.2129,14.7,12.4,"1,525.30","1,853.20",63.46567209,15392.9
5/11/2021,1.2146,14.7,12.4,"1,525.30","1,853.20",63.46567209,15392.9
5/12/2021,1.2069,14.7,12.4,"1,525.30","1,853.20",63.46567209,15392.9
05/13/2021,1.2078,14.7,12.4,"1,525.30","1,853.20",63.46567209,15392.9
05/14/2021,1.214,14.7,12.4,"1,525.30","1,853.20",63.46567209,15392.9
05/17/2021,1.2151,14.7,12.4,"1,525.30","1,853.20",63.46567209,15392.9
05/18/2021,1.222,14.7,12.4,"1,525.30","1,853.20",63.46567209,15392.9
05/19/2021,1.2172,14.7,12.4,"1,525.30","1,853.20",63.46567209,15392.9
05/20/2021,1.2226,14.7,12.4,"1,525.30","1,853.20",63.46567209,15392.9
05/21/2021,1.2179,14.7,12.4,"1,525.30","1,853.20",63.46567209,15392.9
05/24/2021,1.2215,14.7,12.4,"1,525.30","1,853.20",63.46567209,15392.9
05/25/2021,1.225,14.7,12.4,"1,525.30","1,853.20",63.46567209,15392.9
05/26/2021,1.219,14.7,12.4,"1,525.30","1,853.20",63.46567209,15392.9
05/27/2021,1.2192,14.7,12.4,"1,525.30","1,853.20",63.46567209,15392.9
05/28/2021,1.2189,14.7,12.4,"1,525.30","1,853.20",63.46567209,15392.9
05/31/2021,1.2225,14.7,12.4,"1,525.30","1,853.20",63.46567209,15392.9
6/1/2021,1.2211,14.7,12.4,"1,522.70","1,834.60",118.9420484,21543.4
6/2/2021,1.2209,14.7,12.4,"1,522.70","1,834.60",118.9420484,21543.4
6/3/2021,1.2124,14.7,12.4,"1,522.70","1,834.60",118.9420484,21543.4
6/4/2021,1.2165,14.7,12.4,"1,522.70","1,834.60",118.9420484,21543.4
6/7/2021,1.2189,14.7,12.4,"1,522.70","1,834.60",118.9420484,21543.4
6/8/2021,1.2171,14.7,12.4,"1,522.70","1,834.60",118.9420484,21543.4
6/9/2021,1.2178,14.7,12.4,"1,522.70","1,834.60",118.9420484,21543.4
6/10/2021,1.2169,14.7,12.4,"1,522.70","1,834.60",118.9420484,21543.4
6/11/2021,1.2106,14.7,12.4,"1,522.70","1,834.60",118.9420484,21543.4
06/14/2021,1.2118,14.7,12.4,"1,522.70","1,834.60",118.9420484,21543.4
06/15/2021,1.2124,14.7,12.4,"1,522.70","1,834.60",118.9420484,21543.4
06/16/2021,1.1994,14.7,12.4,"1,522.70","1,834.60",118.9420484,21543.4
06/17/2021,1.1906,14.7,12.4,"1,522.70","1,834.60",118.9420484,21543.4
06/18/2021,1.186,14.7,12.4,"1,522.70","1,834.60",118.9420484,21543.4
06/21/2021,1.1915,14.7,12.4,"1,522.70","1,834.60",118.9420484,21543.4
06/22/2021,1.1938,14.7,12.4,"1,522.70","1,834.60",118.9420484,21543.4
06/23/2021,1.1925,14.7,12.4,"1,522.70","1,834.60",118.9420484,21543.4
06/24/2021,1.193,14.7,12.4,"1,522.70","1,834.60",118.9420484,21543.4
06/25/2021,1.1933,14.7,12.4,"1,522.70","1,834.60",118.9420484,21543.4
06/28/2021,1.1924,14.7,12.4,"1,522.70","1,834.60",118.9420484,21543.4
06/29/2021,1.1895,14.7,12.4,"1,522.70","1,834.60",118.9420484,21543.4
06/30/2021,1.1855,14.7,12.4,"1,522.70","1,834.60",118.9420484,21543.4
7/1/2021,1.1848,5.3,5.2,"1,528.50","1,807.10",142.8339589,19371.4
7/2/2021,1.1864,5.3,5.2,"1,528.50","1,807.10",142.8339589,19371.4
7/5/2021,1.1861,5.3,5.2,"1,528.50","1,807.10",142.8339589,19371.4
7/6/2021,1.1822,5.3,5.2,"1,528.50","1,807.10",142.8339589,19371.4
7/7/2021,1.1789,5.3,5.2,"1,528.50","1,807.10",142.8339589,19371.4
7/8/2021,1.1842,5.3,5.2,"1,528.50","1,807.10",142.8339589,19371.4
7/9/2021,1.1873,5.3,5.2,"1,528.50","1,807.10",142.8339589,19371.4
7/12/2021,1.1859,5.3,5.2,"1,528.50","1,807.10",142.8339589,19371.4
07/13/2021,1.1774,5.3,5.2,"1,528.50","1,807.10",142.8339589,19371.4
07/14/2021,1.1835,5.3,5.2,"1,528.50","1,807.10",142.8339589,19371.4
07/15/2021,1.1812,5.3,5.2,"1,528.50","1,807.10",142.8339589,19371.4
07/16/2021,1.1805,5.3,5.2,"1,528.50","1,807.10",142.8339589,19371.4
07/19/2021,1.1798,5.3,5.2,"1,528.50","1,807.10",142.8339589,19371.4
07/20/2021,1.1779,5.3,5.2,"1,528.50","1,807.10",142.8339589,19371.4
07/21/2021,1.1792,5.3,5.2,"1,528.50","1,807.10",142.8339589,19371.4
07/22/2021,1.177,5.3,5.2,"1,528.50","1,807.10",142.8339589,19371.4
07/23/2021,1.1771,5.3,5.2,"1,528.50","1,807.10",142.8339589,19371.4
07/26/2021,1.1799,5.3,5.2,"1,528.50","1,807.10",142.8339589,19371.4
07/27/2021,1.1814,5.3,5.2,"1,528.50","1,807.10",142.8339589,19371.4
07/28/2021,1.1842,5.3,5.2,"1,528.50","1,807.10",142.8339589,19371.4
07/29/2021,1.1886,5.3,5.2,"1,528.50","1,807.10",142.8339589,19371.4
07/30/2021,1.187,5.3,5.2,"1,528.50","1,807.10",142.8339589,19371.4
8/2/2021,1.1867,5.3,5.2,"1,516.10","1,784.00",86.78306029,17169.7
8/3/2021,1.186,5.3,5.2,"1,516.10","1,784.00",86.78306029,17169.7
8/4/2021,1.1835,5.3,5.2,"1,516.10","1,784.00",86.78306029,17169.7
8/5/2021,1.1832,5.3,5.2,"1,516.10","1,784.00",86.78306029,17169.7
8/6/2021,1.176,5.3,5.2,"1,516.10","1,784.00",86.78306029,17169.7
8/9/2021,1.1737,5.3,5.2,"1,516.10","1,784.00",86.78306029,17169.7
8/10/2021,1.1718,5.3,5.2,"1,516.10","1,784.00",86.78306029,17169.7
8/11/2021,1.1737,5.3,5.2,"1,516.10","1,784.00",86.78306029,17169.7
8/12/2021,1.1727,5.3,5.2,"1,516.10","1,784.00",86.78306029,17169.7
08/13/2021,1.1791,5.3,5.2,"1,516.10","1,784.00",86.78306029,17169.7
08/16/2021,1.1777,5.3,5.2,"1,516.10","1,784.00",86.78306029,17169.7
08/17/2021,1.1708,5.3,5.2,"1,516.10","1,784.00",86.78306029,17169.7
08/18/2021,1.171,5.3,5.2,"1,516.10","1,784.00",86.78306029,17169.7
08/19/2021,1.1674,5.3,5.2,"1,516.10","1,784.00",86.78306029,17169.7
08/20/2021,1.1696,5.3,5.2,"1,516.10","1,784.00",86.78306029,17169.7
08/23/2021,1.1743,5.3,5.2,"1,516.10","1,784.00",86.78306029,17169.7
08/24/2021,1.1753,5.3,5.2,"1,516.10","1,784.00",86.78306029,17169.7
08/25/2021,1.177,5.3,5.2,"1,516.10","1,784.00",86.78306029,17169.7
08/26/2021,1.175,5.3,5.2,"1,516.10","1,784.00",86.78306029,17169.7
08/27/2021,1.1793,5.3,5.2,"1,516.10","1,784.00",86.78306029,17169.7
08/30/2021,1.1795,5.3,5.2,"1,516.10","1,784.00",86.78306029,17169.7
08/31/2021,1.1807,5.3,5.2,"1,516.10","1,784.00",86.78306029,17169.7
9/1/2021,1.1837,5.3,5.2,"1,510.10","1,777.30",127.8650679,23904
9/2/2021,1.1873,5.3,5.2,"1,510.10","1,777.30",127.8650679,23904
9/3/2021,1.1882,5.3,5.2,"1,510.10","1,777.30",127.8650679,23904
9/6/2021,1.1868,5.3,5.2,"1,510.10","1,777.30",127.8650679,23904
9/7/2021,1.1839,5.3,5.2,"1,510.10","1,777.30",127.8650679,23904
9/8/2021,1.1813,5.3,5.2,"1,510.10","1,777.30",127.8650679,23904
9/9/2021,1.1825,5.3,5.2,"1,510.10","1,777.30",127.8650679,23904
9/10/2021,1.1814,5.3,5.2,"1,510.10","1,777.30",127.8650679,23904
09/13/2021,1.1808,5.3,5.2,"1,510.10","1,777.30",127.8650679,23904
09/14/2021,1.1802,5.3,5.2,"1,510.10","1,777.30",127.8650679,23904
09/15/2021,1.1815,5.3,5.2,"1,510.10","1,777.30",127.8650679,23904
09/16/2021,1.1764,5.3,5.2,"1,510.10","1,777.30",127.8650679,23904
09/17/2021,1.1725,5.3,5.2,"1,510.10","1,777.30",127.8650679,23904
09/20/2021,1.1725,5.3,5.2,"1,510.10","1,777.30",127.8650679,23904
09/21/2021,1.1723,5.3,5.2,"1,510.10","1,777.30",127.8650679,23904
09/22/2021,1.1686,5.3,5.2,"1,510.10","1,777.30",127.8650679,23904
09/23/2021,1.1736,5.3,5.2,"1,510.10","1,777.30",127.8650679,23904
09/24/2021,1.1714,5.3,5.2,"1,510.10","1,777.30",127.8650679,23904
09/27/2021,1.1694,5.3,5.2,"1,510.10","1,777.30",127.8650679,23904
09/28/2021,1.1681,5.3,5.2,"1,510.10","1,777.30",127.8650679,23904
09/29/2021,1.1595,5.3,5.2,"1,510.10","1,777.30",127.8650679,23904
09/30/2021,1.1581,5.3,5.2,"1,510.10","1,777.30",127.8650679,23904
10/1/2021,1.1594,5.8,5.8,"1,532.20","1,776.90",239.2417342,10477.8
10/4/2021,1.1621,5.8,5.8,"1,532.20","1,776.90",239.2417342,10477.8
10/5/2021,1.1596,5.8,5.8,"1,532.20","1,776.90",239.2417342,10477.8
10/6/2021,1.1556,5.8,5.8,"1,532.20","1,776.90",239.2417342,10477.8
10/7/2021,1.155,5.8,5.8,"1,532.20","1,776.90",239.2417342,10477.8
10/8/2021,1.1567,5.8,5.8,"1,532.20","1,776.90",239.2417342,10477.8
10/11/2021,1.1551,5.8,5.8,"1,532.20","1,776.90",239.2417342,10477.8
10/12/2021,1.1527,5.8,5.8,"1,532.20","1,776.90",239.2417342,10477.8
10/13/2021,1.1592,5.8,5.8,"1,532.20","1,776.90",239.2417342,10477.8
10/14/2021,1.1594,5.8,5.8,"1,532.20","1,776.90",239.2417342,10477.8
10/15/2021,1.16,5.8,5.8,"1,532.20","1,776.90",239.2417342,10477.8
10/18/2021,1.1609,5.8,5.8,"1,532.20","1,776.90",239.2417342,10477.8
10/19/2021,1.1632,5.8,5.8,"1,532.20","1,776.90",239.2417342,10477.8
10/20/2021,1.1649,5.8,5.8,"1,532.20","1,776.90",239.2417342,10477.8
10/21/2021,1.1621,5.8,5.8,"1,532.20","1,776.90",239.2417342,10477.8
10/22/2021,1.1647,5.8,5.8,"1,532.20","1,776.90",239.2417342,10477.8
10/25/2021,1.1606,5.8,5.8,"1,532.20","1,776.90",239.2417342,10477.8
10/26/2021,1.1595,5.8,5.8,"1,532.20","1,776.90",239.2417342,10477.8
10/27/2021,1.1604,5.8,5.8,"1,532.20","1,776.90",239.2417342,10477.8
10/28/2021,1.1679,5.8,5.8,"1,532.20","1,776.90",239.2417342,10477.8
10/29/2021,1.1561,5.8,5.8,"1,532.20","1,776.90",239.2417342,10477.8
11/1/2021,1.1606,5.8,5.8,"1,596.00","1,820.20",181.6796719,14556.5
11/2/2021,1.1577,5.8,5.8,"1,596.00","1,820.20",181.6796719,14556.5
11/3/2021,1.161,5.8,5.8,"1,596.00","1,820.20",181.6796719,14556.5
11/4/2021,1.1552,5.8,5.8,"1,596.00","1,820.20",181.6796719,14556.5
11/5/2021,1.1566,5.8,5.8,"1,596.00","1,820.20",181.6796719,14556.5
11/8/2021,1.1586,5.8,5.8,"1,596.00","1,820.20",181.6796719,14556.5
11/9/2021,1.1591,5.8,5.8,"1,596.00","1,820.20",181.6796719,14556.5
11/10/2021,1.1478,5.8,5.8,"1,596.00","1,820.20",181.6796719,14556.5
11/11/2021,1.145,5.8,5.8,"1,596.00","1,820.20",181.6796719,14556.5
11/12/2021,1.145,5.8,5.8,"1,596.00","1,820.20",181.6796719,14556.5
11/15/2021,1.1367,5.8,5.8,"1,596.00","1,820.20",181.6796719,14556.5
11/16/2021,1.1319,5.8,5.8,"1,596.00","1,820.20",181.6796719,14556.5
11/17/2021,1.1319,5.8,5.8,"1,596.00","1,820.20",181.6796719,14556.5
11/18/2021,1.1369,5.8,5.8,"1,596.00","1,820.20",181.6796719,14556.5
11/19/2021,1.1288,5.8,5.8,"1,596.00","1,820.20",181.6796719,14556.5
11/22/2021,1.1234,5.8,5.8,"1,596.00","1,820.20",181.6796719,14556.5
11/23/2021,1.1246,5.8,5.8,"1,596.00","1,820.20",181.6796719,14556.5
11/24/2021,1.1197,5.8,5.8,"1,596.00","1,820.20",181.6796719,14556.5
11/25/2021,1.1206,5.8,5.8,"1,596.00","1,820.20",181.6796719,14556.5
11/26/2021,1.1317,5.8,5.8,"1,596.00","1,820.20",181.6796719,14556.5
11/29/2021,1.1291,5.8,5.8,"1,596.00","1,820.20",181.6796719,14556.5
11/30/2021,1.1336,5.8,5.8,"1,596.00","1,820.20",181.6796719,14556.5
12/1/2021,1.1319,5.8,5.8,"1,581.10","1,786.70",144.1328549,28225.8
12/2/2021,1.1299,5.8,5.8,"1,581.10","1,786.70",144.1328549,28225.8
12/3/2021,1.1313,5.8,5.8,"1,581.10","1,786.70",144.1328549,28225.8
12/6/2021,1.1285,5.8,5.8,"1,581.10","1,786.70",144.1328549,28225.8
12/7/2021,1.1263,5.8,5.8,"1,581.10","1,786.70",144.1328549,28225.8
12/8/2021,1.1342,5.8,5.8,"1,581.10","1,786.70",144.1328549,28225.8
12/9/2021,1.1292,5.8,5.8,"1,581.10","1,786.70",144.1328549,28225.8
12/10/2021,1.1311,5.8,5.8,"1,581.10","1,786.70",144.1328549,28225.8
12/13/2021,1.1283,5.8,5.8,"1,581.10","1,786.70",144.1328549,28225.8
12/14/2021,1.1257,5.8,5.8,"1,581.10","1,786.70",144.1328549,28225.8
12/15/2021,1.1285,5.8,5.8,"1,581.10","1,786.70",144.1328549,28225.8
12/16/2021,1.1328,5.8,5.8,"1,581.10","1,786.70",144.1328549,28225.8
12/17/2021,1.1239,5.8,5.8,"1,581.10","1,786.70",144.1328549,28225.8
12/20/2021,1.1275,5.8,5.8,"1,581.10","1,786.70",144.1328549,28225.8
12/21/2021,1.1283,5.8,5.8,"1,581.10","1,786.70",144.1328549,28225.8
12/22/2021,1.1324,5.8,5.8,"1,581.10","1,786.70",144.1328549,28225.8
12/23/2021,1.1328,5.8,5.8,"1,581.10","1,786.70",144.1328549,28225.8
12/24/2021,1.1317,5.8,5.8,"1,581.10","1,786.70",144.1328549,28225.8
12/27/2021,1.1325,5.8,5.8,"1,581.10","1,786.70",144.1328549,28225.8
12/28/2021,1.1309,5.8,5.8,"1,581.10","1,786.70",144.1328549,28225.8
12/29/2021,1.1348,5.8,5.8,"1,581.10","1,786.70",144.1328549,28225.8
12/30/2021,1.1323,5.8,5.8,"1,581.10","1,786.70",144.1328549,28225.8
12/31/2021,1.1368,5.8,5.8,"1,581.10","1,786.70",144.1328549,28225.8
1/3/2022,1.1294,5.6,4,"1,604.70","1,816.80",123.6328123,25576.8
1/4/2022,1.1285,5.6,4,"1,604.70","1,816.80",123.6328123,25576.8
1/5/2022,1.1313,5.6,4,"1,604.70","1,816.80",123.6328123,25576.8
1/6/2022,1.1291,5.6,4,"1,604.70","1,816.80",123.6328123,25576.8
1/7/2022,1.1359,5.6,4,"1,604.70","1,816.80",123.6328123,25576.8
1/10/2022,1.1324,5.6,4,"1,604.70","1,816.80",123.6328123,25576.8
1/11/2022,1.1364,5.6,4,"1,604.70","1,816.80",123.6328123,25576.8
1/12/2022,1.1442,5.6,4,"1,604.70","1,816.80",123.6328123,25576.8
01/13/2022,1.1453,5.6,4,"1,604.70","1,816.80",123.6328123,25576.8
01/14/2022,1.1414,5.6,4,"1,604.70","1,816.80",123.6328123,25576.8
01/17/2022,1.1407,5.6,4,"1,604.70","1,816.80",123.6328123,25576.8
01/18/2022,1.1325,5.6,4,"1,604.70","1,816.80",123.6328123,25576.8
01/19/2022,1.1341,5.6,4,"1,604.70","1,816.80",123.6328123,25576.8
01/20/2022,1.131,5.6,4,"1,604.70","1,816.80",123.6328123,25576.8
01/21/2022,1.134,5.6,4,"1,604.70","1,816.80",123.6328123,25576.8
01/24/2022,1.1323,5.6,4,"1,604.70","1,816.80",123.6328123,25576.8
01/25/2022,1.1299,5.6,4,"1,604.70","1,816.80",123.6328123,25576.8
01/26/2022,1.1237,5.6,4,"1,604.70","1,816.80",123.6328123,25576.8
01/27/2022,1.1143,5.6,4,"1,604.70","1,816.80",123.6328123,25576.8
01/28/2022,1.1143,5.6,4,"1,604.70","1,816.80",123.6328123,25576.8
01/31/2022,1.1233,5.6,4,"1,604.70","1,816.80",123.6328123,25576.8
2/1/2022,1.1269,5.6,4,"1,636.40","1,856.30",212.2896902,25212.7
2/2/2022,1.1303,5.6,4,"1,636.40","1,856.30",212.2896902,25212.7
2/3/2022,1.1438,5.6,4,"1,636.40","1,856.30",212.2896902,25212.7
2/4/2022,1.1446,5.6,4,"1,636.40","1,856.30",212.2896902,25212.7
2/7/2022,1.1442,5.6,4,"1,636.40","1,856.30",212.2896902,25212.7
2/8/2022,1.1414,5.6,4,"1,636.40","1,856.30",212.2896902,25212.7
2/9/2022,1.1422,5.6,4,"1,636.40","1,856.30",212.2896902,25212.7
2/10/2022,1.1427,5.6,4,"1,636.40","1,856.30",212.2896902,25212.7
2/11/2022,1.1349,5.6,4,"1,636.40","1,856.30",212.2896902,25212.7
02/14/2022,1.1305,5.6,4,"1,636.40","1,856.30",212.2896902,25212.7
02/15/2022,1.1356,5.6,4,"1,636.40","1,856.30",212.2896902,25212.7
02/16/2022,1.1373,5.6,4,"1,636.40","1,856.30",212.2896902,25212.7
02/17/2022,1.136,5.6,4,"1,636.40","1,856.30",212.2896902,25212.7
02/18/2022,1.1321,5.6,4,"1,636.40","1,856.30",212.2896902,25212.7
02/21/2022,1.131,5.6,4,"1,636.40","1,856.30",212.2896902,25212.7
02/22/2022,1.1325,5.6,4,"1,636.40","1,856.30",212.2896902,25212.7
02/23/2022,1.1309,5.6,4,"1,636.40","1,856.30",212.2896902,25212.7
02/24/2022,1.1191,5.6,4,"1,636.40","1,856.30",212.2896902,25212.7
02/25/2022,1.1267,5.6,4,"1,636.40","1,856.30",212.2896902,25212.7
02/28/2022,1.1219,5.6,4,"1,636.40","1,856.30",212.2896902,25212.7
3/1/2022,1.1126,5.6,4,"1,767.80","1,947.80",275.981006,27256.8
3/2/2022,1.1121,5.6,4,"1,767.80","1,947.80",275.981006,27256.8
3/3/2022,1.1064,5.6,4,"1,767.80","1,947.80",275.981006,27256.8
3/4/2022,1.0926,5.6,4,"1,767.80","1,947.80",275.981006,27256.8
3/7/2022,1.0852,5.6,4,"1,767.80","1,947.80",275.981006,27256.8
3/8/2022,1.0899,5.6,4,"1,767.80","1,947.80",275.981006,27256.8
3/9/2022,1.1075,5.6,4,"1,767.80","1,947.80",275.981006,27256.8
3/10/2022,1.0983,5.6,4,"1,767.80","1,947.80",275.981006,27256.8
3/11/2022,1.0909,5.6,4,"1,767.80","1,947.80",275.981006,27256.8
03/14/2022,1.0939,5.6,4,"1,767.80","1,947.80",275.981006,27256.8
03/15/2022,1.0951,5.6,4,"1,767.80","1,947.80",275.981006,27256.8
03/16/2022,1.1032,5.6,4,"1,767.80","1,947.80",275.981006,27256.8
03/17/2022,1.1089,5.6,4,"1,767.80","1,947.80",275.981006,27256.8
03/18/2022,1.1055,5.6,4,"1,767.80","1,947.80",275.981006,27256.8
03/21/2022,1.1014,5.6,4,"1,767.80","1,947.80",275.981006,27256.8
03/22/2022,1.1027,5.6,4,"1,767.80","1,947.80",275.981006,27256.8
03/23/2022,1.1004,5.6,4,"1,767.80","1,947.80",275.981006,27256.8
03/24/2022,1.0996,5.6,4,"1,767.80","1,947.80",275.981006,27256.8
03/25/2022,1.0981,5.6,4,"1,767.80","1,947.80",275.981006,27256.8
03/28/2022,1.0978,5.6,4,"1,767.80","1,947.80",275.981006,27256.8
03/29/2022,1.1085,5.6,4,"1,767.80","1,947.80",275.981006,27256.8
03/30/2022,1.1156,5.6,4,"1,767.80","1,947.80",275.981006,27256.8
03/31/2022,1.1065,5.6,4,"1,767.80","1,947.80",275.981006,27256.8
4/1/2022,1.1053,4.2,2.5,"1,790.20","1,933.90",267.3809009,41669.1
4/4/2022,1.097,4.2,2.5,"1,790.20","1,933.90",267.3809009,41669.1
4/5/2022,1.0903,4.2,2.5,"1,790.20","1,933.90",267.3809009,41669.1
4/6/2022,1.0893,4.2,2.5,"1,790.20","1,933.90",267.3809009,41669.1
4/7/2022,1.0878,4.2,2.5,"1,790.20","1,933.90",267.3809009,41669.1
4/8/2022,1.0876,4.2,2.5,"1,790.20","1,933.90",267.3809009,41669.1
4/11/2022,1.0883,4.2,2.5,"1,790.20","1,933.90",267.3809009,41669.1
4/12/2022,1.0826,4.2,2.5,"1,790.20","1,933.90",267.3809009,41669.1
04/13/2022,1.0885,4.2,2.5,"1,790.20","1,933.90",267.3809009,41669.1
04/14/2022,1.0827,4.2,2.5,"1,790.20","1,933.90",267.3809009,41669.1
04/15/2022,1.0806,4.2,2.5,"1,790.20","1,933.90",267.3809009,41669.1
04/18/2022,1.078,4.2,2.5,"1,790.20","1,933.90",267.3809009,41669.1
04/19/2022,1.0786,4.2,2.5,"1,790.20","1,933.90",267.3809009,41669.1
04/20/2022,1.085,4.2,2.5,"1,790.20","1,933.90",267.3809009,41669.1
04/21/2022,1.0836,4.2,2.5,"1,790.20","1,933.90",267.3809009,41669.1
04/22/2022,1.0794,4.2,2.5,"1,790.20","1,933.90",267.3809009,41669.1
04/25/2022,1.0711,4.2,2.5,"1,790.20","1,933.90",267.3809009,41669.1
04/26/2022,1.0636,4.2,2.5,"1,790.20","1,933.90",267.3809009,41669.1
04/27/2022,1.0555,4.2,2.5,"1,790.20","1,933.90",267.3809009,41669.1
04/28/2022,1.0494,4.2,2.5,"1,790.20","1,933.90",267.3809009,41669.1
04/29/2022,1.0541,4.2,2.5,"1,790.20","1,933.90",267.3809009,41669.1
5/2/2022,1.0504,4.2,2.5,"1,747.40","1,848.30",173.1054698,25064.4
5/3/2022,1.052,4.2,2.5,"1,747.40","1,848.30",173.1054698,25064.4
5/4/2022,1.0621,4.2,2.5,"1,747.40","1,848.30",173.1054698,25064.4
5/5/2022,1.054,4.2,2.5,"1,747.40","1,848.30",173.1054698,25064.4
5/6/2022,1.0551,4.2,2.5,"1,747.40","1,848.30",173.1054698,25064.4
5/9/2022,1.0555,4.2,2.5,"1,747.40","1,848.30",173.1054698,25064.4
5/10/2022,1.0527,4.2,2.5,"1,747.40","1,848.30",173.1054698,25064.4
5/11/2022,1.0511,4.2,2.5,"1,747.40","1,848.30",173.1054698,25064.4
5/12/2022,1.0379,4.2,2.5,"1,747.40","1,848.30",173.1054698,25064.4
05/13/2022,1.0411,4.2,2.5,"1,747.40","1,848.30",173.1054698,25064.4
05/16/2022,1.0431,4.2,2.5,"1,747.40","1,848.30",173.1054698,25064.4
05/17/2022,1.0547,4.2,2.5,"1,747.40","1,848.30",173.1054698,25064.4
05/18/2022,1.0466,4.2,2.5,"1,747.40","1,848.30",173.1054698,25064.4
05/19/2022,1.0586,4.2,2.5,"1,747.40","1,848.30",173.1054698,25064.4
05/20/2022,1.056,4.2,2.5,"1,747.40","1,848.30",173.1054698,25064.4
05/23/2022,1.0689,4.2,2.5,"1,747.40","1,848.30",173.1054698,25064.4
05/24/2022,1.0734,4.2,2.5,"1,747.40","1,848.30",173.1054698,25064.4
05/25/2022,1.068,4.2,2.5,"1,747.40","1,848.30",173.1054698,25064.4
05/26/2022,1.0724,4.2,2.5,"1,747.40","1,848.30",173.1054698,25064.4
05/27/2022,1.0727,4.2,2.5,"1,747.40","1,848.30",173.1054698,25064.4
05/30/2022,1.0777,4.2,2.5,"1,747.40","1,848.30",173.1054698,25064.4
05/31/2022,1.0733,4.2,2.5,"1,747.40","1,848.30",173.1054698,25064.4
6/1/2022,1.0646,4.2,2.5,"1,738.80","1,833.80",156.7618598,23022.7
6/2/2022,1.0745,4.2,2.5,"1,738.80","1,833.80",156.7618598,23022.7
6/3/2022,1.0718,4.2,2.5,"1,738.80","1,833.80",156.7618598,23022.7
6/6/2022,1.0694,4.2,2.5,"1,738.80","1,833.80",156.7618598,23022.7
6/7/2022,1.0699,4.2,2.5,"1,738.80","1,833.80",156.7618598,23022.7
6/8/2022,1.0714,4.2,2.5,"1,738.80","1,833.80",156.7618598,23022.7
6/9/2022,1.0614,4.2,2.5,"1,738.80","1,833.80",156.7618598,23022.7
6/10/2022,1.0515,4.2,2.5,"1,738.80","1,833.80",156.7618598,23022.7
06/13/2022,1.0408,4.2,2.5,"1,738.80","1,833.80",156.7618598,23022.7
06/14/2022,1.0414,4.2,2.5,"1,738.80","1,833.80",156.7618598,23022.7
06/15/2022,1.0443,4.2,2.5,"1,738.80","1,833.80",156.7618598,23022.7
06/16/2022,1.0547,4.2,2.5,"1,738.80","1,833.80",156.7618598,23022.7
06/17/2022,1.0498,4.2,2.5,"1,738.80","1,833.80",156.7618598,23022.7
06/20/2022,1.0509,4.2,2.5,"1,738.80","1,833.80",156.7618598,23022.7
06/21/2022,1.0525,4.2,2.5,"1,738.80","1,833.80",156.7618598,23022.7
06/22/2022,1.0565,4.2,2.5,"1,738.80","1,833.80",156.7618598,23022.7
06/23/2022,1.0523,4.2,2.5,"1,738.80","1,833.80",156.7618598,23022.7
06/24/2022,1.0554,4.2,2.5,"1,738.80","1,833.80",156.7618598,23022.7
06/27/2022,1.0583,4.2,2.5,"1,738.80","1,833.80",156.7618598,23022.7
06/28/2022,1.0518,4.2,2.5,"1,738.80","1,833.80",156.7618598,23022.7
06/29/2022,1.0439,4.2,2.5,"1,738.80","1,833.80",156.7618598,23022.7
06/30/2022,1.0482,4.2,2.5,"1,738.80","1,833.80",156.7618598,23022.7
7/1/2022,1.0428,2.9,2.3,"1,706.50","1,736.40",177.7480616,19588.1
7/4/2022,1.0421,2.9,2.3,"1,706.50","1,736.40",177.7480616,19588.1
7/5/2022,1.0266,2.9,2.3,"1,706.50","1,736.40",177.7480616,19588.1
7/6/2022,1.0181,2.9,2.3,"1,706.50","1,736.40",177.7480616,19588.1
7/7/2022,1.0159,2.9,2.3,"1,706.50","1,736.40",177.7480616,19588.1
7/8/2022,1.0183,2.9,2.3,"1,706.50","1,736.40",177.7480616,19588.1
7/11/2022,1.0039,2.9,2.3,"1,706.50","1,736.40",177.7480616,19588.1
7/12/2022,1.0036,2.9,2.3,"1,706.50","1,736.40",177.7480616,19588.1
07/13/2022,1.006,2.9,2.3,"1,706.50","1,736.40",177.7480616,19588.1
07/14/2022,1.0016,2.9,2.3,"1,706.50","1,736.40",177.7480616,19588.1
07/15/2022,1.0087,2.9,2.3,"1,706.50","1,736.40",177.7480616,19588.1
07/18/2022,1.0141,2.9,2.3,"1,706.50","1,736.40",177.7480616,19588.1
07/19/2022,1.0224,2.9,2.3,"1,706.50","1,736.40",177.7480616,19588.1
07/20/2022,1.0177,2.9,2.3,"1,706.50","1,736.40",177.7480616,19588.1
07/21/2022,1.0228,2.9,2.3,"1,706.50","1,736.40",177.7480616,19588.1
07/22/2022,1.021,2.9,2.3,"1,706.50","1,736.40",177.7480616,19588.1
07/25/2022,1.022,2.9,2.3,"1,706.50","1,736.40",177.7480616,19588.1
07/26/2022,1.0114,2.9,2.3,"1,706.50","1,736.40",177.7480616,19588.1
07/27/2022,1.0202,2.9,2.3,"1,706.50","1,736.40",177.7480616,19588.1
07/28/2022,1.0196,2.9,2.3,"1,706.50","1,736.40",177.7480616,19588.1
07/29/2022,1.0218,2.9,2.3,"1,706.50","1,736.40",177.7480616,19588.1
8/1/2022,1.0261,2.9,2.3,"1,742.90","1,765.70",188.0665442,31577.9
8/2/2022,1.0164,2.9,2.3,"1,742.90","1,765.70",188.0665442,31577.9
8/3/2022,1.0164,2.9,2.3,"1,742.90","1,765.70",188.0665442,31577.9
8/4/2022,1.0243,2.9,2.3,"1,742.90","1,765.70",188.0665442,31577.9
8/5/2022,1.0181,2.9,2.3,"1,742.90","1,765.70",188.0665442,31577.9
8/8/2022,1.0195,2.9,2.3,"1,742.90","1,765.70",188.0665442,31577.9
8/9/2022,1.0211,2.9,2.3,"1,742.90","1,765.70",188.0665442,31577.9
8/10/2022,1.0297,2.9,2.3,"1,742.90","1,765.70",188.0665442,31577.9
8/11/2022,1.0317,2.9,2.3,"1,742.90","1,765.70",188.0665442,31577.9
8/12/2022,1.0258,2.9,2.3,"1,742.90","1,765.70",188.0665442,31577.9
08/15/2022,1.016,2.9,2.3,"1,742.90","1,765.70",188.0665442,31577.9
08/16/2022,1.017,2.9,2.3,"1,742.90","1,765.70",188.0665442,31577.9
08/17/2022,1.018,2.9,2.3,"1,742.90","1,765.70",188.0665442,31577.9
08/18/2022,1.0088,2.9,2.3,"1,742.90","1,765.70",188.0665442,31577.9
08/19/2022,1.0034,2.9,2.3,"1,742.90","1,765.70",188.0665442,31577.9
08/22/2022,0.9941,2.9,2.3,"1,742.90","1,765.70",188.0665442,31577.9
08/23/2022,0.9967,2.9,2.3,"1,742.90","1,765.70",188.0665442,31577.9
08/24/2022,0.9965,2.9,2.3,"1,742.90","1,765.70",188.0665442,31577.9
08/25/2022,0.9974,2.9,2.3,"1,742.90","1,765.70",188.0665442,31577.9
08/26/2022,0.9961,2.9,2.3,"1,742.90","1,765.70",188.0665442,31577.9
08/29/2022,0.9995,2.9,2.3,"1,742.90","1,765.70",188.0665442,31577.9
08/30/2022,1.0012,2.9,2.3,"1,742.90","1,765.70",188.0665442,31577.9
08/31/2022,1.0057,2.9,2.3,"1,742.90","1,765.70",188.0665442,31577.9
9/1/2022,0.9944,2.9,2.3,"1,701.10","1,683.00",169.6355384,22559.7
9/2/2022,0.9951,2.9,2.3,"1,701.10","1,683.00",169.6355384,22559.7
9/5/2022,0.9926,2.9,2.3,"1,701.10","1,683.00",169.6355384,22559.7
9/6/2022,0.9902,2.9,2.3,"1,701.10","1,683.00",169.6355384,22559.7
9/7/2022,0.9999,2.9,2.3,"1,701.10","1,683.00",169.6355384,22559.7
9/8/2022,0.9994,2.9,2.3,"1,701.10","1,683.00",169.6355384,22559.7
9/9/2022,1.0039,2.9,2.3,"1,701.10","1,683.00",169.6355384,22559.7
9/12/2022,1.0119,2.9,2.3,"1,701.10","1,683.00",169.6355384,22559.7
09/13/2022,0.997,2.9,2.3,"1,701.10","1,683.00",169.6355384,22559.7
09/14/2022,0.9977,2.9,2.3,"1,701.10","1,683.00",169.6355384,22559.7
09/15/2022,0.9999,2.9,2.3,"1,701.10","1,683.00",169.6355384,22559.7
09/16/2022,1.0015,2.9,2.3,"1,701.10","1,683.00",169.6355384,22559.7
09/19/2022,1.0022,2.9,2.3,"1,701.10","1,683.00",169.6355384,22559.7
09/20/2022,0.997,2.9,2.3,"1,701.10","1,683.00",169.6355384,22559.7
09/21/2022,0.9837,2.9,2.3,"1,701.10","1,683.00",169.6355384,22559.7
09/22/2022,0.9836,2.9,2.3,"1,701.10","1,683.00",169.6355384,22559.7
09/23/2022,0.969,2.9,2.3,"1,701.10","1,683.00",169.6355384,22559.7
09/26/2022,0.9606,2.9,2.3,"1,701.10","1,683.00",169.6355384,22559.7
09/27/2022,0.9592,2.9,2.3,"1,701.10","1,683.00",169.6355384,22559.7
09/28/2022,0.9734,2.9,2.3,"1,701.10","1,683.00",169.6355384,22559.7
09/29/2022,0.9814,2.9,2.3,"1,701.10","1,683.00",169.6355384,22559.7
09/30/2022,0.9799,2.9,2.3,"1,701.10","1,683.00",169.6355384,22559.7
10/3/2022,0.9824,1.8,1.3,"1,691.60","1,664.50",210.4317855,28962.7
10/4/2022,0.9983,1.8,1.3,"1,691.60","1,664.50",210.4317855,28962.7
10/5/2022,0.9882,1.8,1.3,"1,691.60","1,664.50",210.4317855,28962.7
10/6/2022,0.9788,1.8,1.3,"1,691.60","1,664.50",210.4317855,28962.7
10/7/2022,0.9741,1.8,1.3,"1,691.60","1,664.50",210.4317855,28962.7
10/10/2022,0.97,1.8,1.3,"1,691.60","1,664.50",210.4317855,28962.7
10/11/2022,0.9703,1.8,1.3,"1,691.60","1,664.50",210.4317855,28962.7
10/12/2022,0.9704,1.8,1.3,"1,691.60","1,664.50",210.4317855,28962.7
10/13/2022,0.9773,1.8,1.3,"1,691.60","1,664.50",210.4317855,28962.7
10/14/2022,0.9719,1.8,1.3,"1,691.60","1,664.50",210.4317855,28962.7
10/17/2022,0.9838,1.8,1.3,"1,691.60","1,664.50",210.4317855,28962.7
10/18/2022,0.9852,1.8,1.3,"1,691.60","1,664.50",210.4317855,28962.7
10/19/2022,0.9771,1.8,1.3,"1,691.60","1,664.50",210.4317855,28962.7
10/20/2022,0.9783,1.8,1.3,"1,691.60","1,664.50",210.4317855,28962.7
10/21/2022,0.986,1.8,1.3,"1,691.60","1,664.50",210.4317855,28962.7
10/24/2022,0.9874,1.8,1.3,"1,691.60","1,664.50",210.4317855,28962.7
10/25/2022,0.9964,1.8,1.3,"1,691.60","1,664.50",210.4317855,28962.7
10/26/2022,1.0077,1.8,1.3,"1,691.60","1,664.50",210.4317855,28962.7
10/27/2022,0.9962,1.8,1.3,"1,691.60","1,664.50",210.4317855,28962.7
10/28/2022,0.9963,1.8,1.3,"1,691.60","1,664.50",210.4317855,28962.7
10/31/2022,0.9883,1.8,1.3,"1,691.60","1,664.50",210.4317855,28962.7
11/1/2022,0.9874,1.8,1.3,"1,691.10","1,726.50",87.21209644,34628.5
11/2/2022,0.9817,1.8,1.3,"1,691.10","1,726.50",87.21209644,34628.5
11/3/2022,0.9751,1.8,1.3,"1,691.10","1,726.50",87.21209644,34628.5
11/4/2022,0.996,1.8,1.3,"1,691.10","1,726.50",87.21209644,34628.5
11/7/2022,1.0019,1.8,1.3,"1,691.10","1,726.50",87.21209644,34628.5
11/8/2022,1.0072,1.8,1.3,"1,691.10","1,726.50",87.21209644,34628.5
11/9/2022,1.0011,1.8,1.3,"1,691.10","1,726.50",87.21209644,34628.5
11/10/2022,1.0208,1.8,1.3,"1,691.10","1,726.50",87.21209644,34628.5
11/11/2022,1.0352,1.8,1.3,"1,691.10","1,726.50",87.21209644,34628.5
11/14/2022,1.0325,1.8,1.3,"1,691.10","1,726.50",87.21209644,34628.5
11/15/2022,1.0348,1.8,1.3,"1,691.10","1,726.50",87.21209644,34628.5
11/16/2022,1.0392,1.8,1.3,"1,691.10","1,726.50",87.21209644,34628.5
11/17/2022,1.036,1.8,1.3,"1,691.10","1,726.50",87.21209644,34628.5
11/18/2022,1.0324,1.8,1.3,"1,691.10","1,726.50",87.21209644,34628.5
11/21/2022,1.0241,1.8,1.3,"1,691.10","1,726.50",87.21209644,34628.5
11/22/2022,1.0302,1.8,1.3,"1,691.10","1,726.50",87.21209644,34628.5
11/23/2022,1.0395,1.8,1.3,"1,691.10","1,726.50",87.21209644,34628.5
11/24/2022,1.0408,1.8,1.3,"1,691.10","1,726.50",87.21209644,34628.5
11/25/2022,1.0395,1.8,1.3,"1,691.10","1,726.50",87.21209644,34628.5
11/28/2022,1.0337,1.8,1.3,"1,691.10","1,726.50",87.21209644,34628.5
11/29/2022,1.0327,1.8,1.3,"1,691.10","1,726.50",87.21209644,34628.5
11/30/2022,1.0405,1.8,1.3,"1,691.10","1,726.50",87.21209644,34628.5
12/1/2022,1.0522,1.8,1.3,"1,699.00","1,796.70",164.0650608,17406
12/2/2022,1.0538,1.8,1.3,"1,699.00","1,796.70",164.0650608,17406
12/5/2022,1.0491,1.8,1.3,"1,699.00","1,796.70",164.0650608,17406
12/6/2022,1.0469,1.8,1.3,"1,699.00","1,796.70",164.0650608,17406
12/7/2022,1.0505,1.8,1.3,"1,699.00","1,796.70",164.0650608,17406
12/8/2022,1.0556,1.8,1.3,"1,699.00","1,796.70",164.0650608,17406
12/9/2022,1.053,1.8,1.3,"1,699.00","1,796.70",164.0650608,17406
12/12/2022,1.0535,1.8,1.3,"1,699.00","1,796.70",164.0650608,17406
12/13/2022,1.063,1.8,1.3,"1,699.00","1,796.70",164.0650608,17406
12/14/2022,1.0682,1.8,1.3,"1,699.00","1,796.70",164.0650608,17406
12/15/2022,1.0626,1.8,1.3,"1,699.00","1,796.70",164.0650608,17406
12/16/2022,1.0582,1.8,1.3,"1,699.00","1,796.70",164.0650608,17406
12/19/2022,1.0605,1.8,1.3,"1,699.00","1,796.70",164.0650608,17406
12/20/2022,1.0621,1.8,1.3,"1,699.00","1,796.70",164.0650608,17406
12/21/2022,1.0603,1.8,1.3,"1,699.00","1,796.70",164.0650608,17406
12/22/2022,1.0593,1.8,1.3,"1,699.00","1,796.70",164.0650608,17406
12/23/2022,1.0614,1.8,1.3,"1,699.00","1,796.70",164.0650608,17406
12/26/2022,1.0635,1.8,1.3,"1,699.00","1,796.70",164.0650608,17406
12/27/2022,1.0638,1.8,1.3,"1,699.00","1,796.70",164.0650608,17406
12/28/2022,1.0608,1.8,1.3,"1,699.00","1,796.70",164.0650608,17406
12/29/2022,1.0661,1.8,1.3,"1,699.00","1,796.70",164.0650608,17406
12/30/2022,1.0702,1.8,1.3,"1,699.00","1,796.70",164.0650608,17406
1/2/2023,1.0662,1.2,2.3,"1,761.20","1,898.60",108.7971482,29339.8
1/3/2023,1.0546,1.2,2.3,"1,761.20","1,898.60",108.7971482,29339.8
1/4/2023,1.0599,1.2,2.3,"1,761.20","1,898.60",108.7971482,29339.8
1/5/2023,1.052,1.2,2.3,"1,761.20","1,898.60",108.7971482,29339.8
1/6/2023,1.0644,1.2,2.3,"1,761.20","1,898.60",108.7971482,29339.8
1/9/2023,1.0728,1.2,2.3,"1,761.20","1,898.60",108.7971482,29339.8
1/10/2023,1.0734,1.2,2.3,"1,761.20","1,898.60",108.7971482,29339.8
1/11/2023,1.0755,1.2,2.3,"1,761.20","1,898.60",108.7971482,29339.8
1/12/2023,1.0846,1.2,2.3,"1,761.20","1,898.60",108.7971482,29339.8
01/13/2023,1.0828,1.2,2.3,"1,761.20","1,898.60",108.7971482,29339.8
01/16/2023,1.0816,1.2,2.3,"1,761.20","1,898.60",108.7971482,29339.8
01/17/2023,1.0788,1.2,2.3,"1,761.20","1,898.60",108.7971482,29339.8
01/18/2023,1.0792,1.2,2.3,"1,761.20","1,898.60",108.7971482,29339.8
01/19/2023,1.0827,1.2,2.3,"1,761.20","1,898.60",108.7971482,29339.8
01/20/2023,1.0855,1.2,2.3,"1,761.20","1,898.60",108.7971482,29339.8
01/23/2023,1.0868,1.2,2.3,"1,761.20","1,898.60",108.7971482,29339.8
01/24/2023,1.0885,1.2,2.3,"1,761.20","1,898.60",108.7971482,29339.8
01/25/2023,1.0915,1.2,2.3,"1,761.20","1,898.60",108.7971482,29339.8
01/26/2023,1.0889,1.2,2.3,"1,761.20","1,898.60",108.7971482,29339.8
01/27/2023,1.0867,1.2,2.3,"1,761.20","1,898.60",108.7971482,29339.8
01/30/2023,1.0844,1.2,2.3,"1,761.20","1,898.60",108.7971482,29339.8
01/31/2023,1.0862,1.2,2.3,"1,761.20","1,898.60",108.7971482,29339.8
2/1/2023,1.0989,1.2,2.3,"1,732.60","1,854.50",155.2634802,32027.8
2/2/2023,1.091,1.2,2.3,"1,732.60","1,854.50",155.2634802,32027.8
2/3/2023,1.0793,1.2,2.3,"1,732.60","1,854.50",155.2634802,32027.8
2/6/2023,1.073,1.2,2.3,"1,732.60","1,854.50",155.2634802,32027.8
2/7/2023,1.0723,1.2,2.3,"1,732.60","1,854.50",155.2634802,32027.8
2/8/2023,1.0709,1.2,2.3,"1,732.60","1,854.50",155.2634802,32027.8
2/9/2023,1.0736,1.2,2.3,"1,732.60","1,854.50",155.2634802,32027.8
2/10/2023,1.0675,1.2,2.3,"1,732.60","1,854.50",155.2634802,32027.8
02/13/2023,1.072,1.2,2.3,"1,732.60","1,854.50",155.2634802,32027.8
02/14/2023,1.0735,1.2,2.3,"1,732.60","1,854.50",155.2634802,32027.8
02/15/2023,1.0689,1.2,2.3,"1,732.60","1,854.50",155.2634802,32027.8
02/16/2023,1.0668,1.2,2.3,"1,732.60","1,854.50",155.2634802,32027.8
02/17/2023,1.0694,1.2,2.3,"1,732.60","1,854.50",155.2634802,32027.8
02/20/2023,1.0682,1.2,2.3,"1,732.60","1,854.50",155.2634802,32027.8
02/21/2023,1.0646,1.2,2.3,"1,732.60","1,854.50",155.2634802,32027.8
02/22/2023,1.0601,1.2,2.3,"1,732.60","1,854.50",155.2634802,32027.8
02/23/2023,1.0595,1.2,2.3,"1,732.60","1,854.50",155.2634802,32027.8
02/24/2023,1.0546,1.2,2.3,"1,732.60","1,854.50",155.2634802,32027.8
02/27/2023,1.0607,1.2,2.3,"1,732.60","1,854.50",155.2634802,32027.8
02/28/2023,1.0576,1.2,2.3,"1,732.60","1,854.50",155.2634802,32027.8
3/1/2023,1.0665,1.2,2.3,"1,785.60","1,912.70",109.070876,17736.5
3/2/2023,1.0596,1.2,2.3,"1,785.60","1,912.70",109.070876,17736.5
3/3/2023,1.0632,1.2,2.3,"1,785.60","1,912.70",109.070876,17736.5
3/6/2023,1.0678,1.2,2.3,"1,785.60","1,912.70",109.070876,17736.5
3/7/2023,1.0547,1.2,2.3,"1,785.60","1,912.70",109.070876,17736.5
3/8/2023,1.0544,1.2,2.3,"1,785.60","1,912.70",109.070876,17736.5
3/9/2023,1.058,1.2,2.3,"1,785.60","1,912.70",109.070876,17736.5
3/10/2023,1.0643,1.2,2.3,"1,785.60","1,912.70",109.070876,17736.5
03/13/2023,1.0729,1.2,2.3,"1,785.60","1,912.70",109.070876,17736.5
03/14/2023,1.0732,1.2,2.3,"1,785.60","1,912.70",109.070876,17736.5
03/15/2023,1.0575,1.2,2.3,"1,785.60","1,912.70",109.070876,17736.5
03/16/2023,1.0605,1.2,2.3,"1,785.60","1,912.70",109.070876,17736.5
03/17/2023,1.0666,1.2,2.3,"1,785.60","1,912.70",109.070876,17736.5
03/20/2023,1.0719,1.2,2.3,"1,785.60","1,912.70",109.070876,17736.5
03/21/2023,1.0767,1.2,2.3,"1,785.60","1,912.70",109.070876,17736.5
03/22/2023,1.0855,1.2,2.3,"1,785.60","1,912.70",109.070876,17736.5
03/23/2023,1.083,1.2,2.3,"1,785.60","1,912.70",109.070876,17736.5
03/24/2023,1.0759,1.2,2.3,"1,785.60","1,912.70",109.070876,17736.5
03/27/2023,1.0796,1.2,2.3,"1,785.60","1,912.70",109.070876,17736.5
03/28/2023,1.0843,1.2,2.3,"1,785.60","1,912.70",109.070876,17736.5
03/29/2023,1.0843,1.2,2.3,"1,785.60","1,912.70",109.070876,17736.5
03/30/2023,1.0901,1.2,2.3,"1,785.60","1,912.70",109.070876,17736.5
03/31/2023,1.0839,1.2,2.3,"1,785.60","1,912.70",109.070876,17736.5
4/3/2023,1.0895,0.5,2.8,"1,823.50","2,000.40",150.4208882,37638.8
4/4/2023,1.0952,0.5,2.8,"1,823.50","2,000.40",150.4208882,37638.8
4/5/2023,1.0903,0.5,2.8,"1,823.50","2,000.40",150.4208882,37638.8
4/6/2023,1.092,0.5,2.8,"1,823.50","2,000.40",150.4208882,37638.8
4/7/2023,1.0897,0.5,2.8,"1,823.50","2,000.40",150.4208882,37638.8
4/10/2023,1.0859,0.5,2.8,"1,823.50","2,000.40",150.4208882,37638.8
4/11/2023,1.091,0.5,2.8,"1,823.50","2,000.40",150.4208882,37638.8
4/12/2023,1.0989,0.5,2.8,"1,823.50","2,000.40",150.4208882,37638.8
04/13/2023,1.1044,0.5,2.8,"1,823.50","2,000.40",150.4208882,37638.8
04/14/2023,1.1,0.5,2.8,"1,823.50","2,000.40",150.4208882,37638.8
04/17/2023,1.0926,0.5,2.8,"1,823.50","2,000.40",150.4208882,37638.8
04/18/2023,1.0971,0.5,2.8,"1,823.50","2,000.40",150.4208882,37638.8
04/19/2023,1.0954,0.5,2.8,"1,823.50","2,000.40",150.4208882,37638.8
04/20/2023,1.0967,0.5,2.8,"1,823.50","2,000.40",150.4208882,37638.8
04/21/2023,1.0987,0.5,2.8,"1,823.50","2,000.40",150.4208882,37638.8
04/24/2023,1.1041,0.5,2.8,"1,823.50","2,000.40",150.4208882,37638.8
04/25/2023,1.0972,0.5,2.8,"1,823.50","2,000.40",150.4208882,37638.8
04/26/2023,1.104,0.5,2.8,"1,823.50","2,000.40",150.4208882,37638.8
04/27/2023,1.1027,0.5,2.8,"1,823.50","2,000.40",150.4208882,37638.8
04/28/2023,1.102,0.5,2.8,"1,823.50","2,000.40",150.4208882,37638.8
5/1/2023,1.0975,0.5,2.8,"1,833.40","1,990.20",64.43028719,37309.4
5/2/2023,1.0999,0.5,2.8,"1,833.40","1,990.20",64.43028719,37309.4
5/3/2023,1.1059,0.5,2.8,"1,833.40","1,990.20",64.43028719,37309.4
5/4/2023,1.1011,0.5,2.8,"1,833.40","1,990.20",64.43028719,37309.4
5/5/2023,1.1017,0.5,2.8,"1,833.40","1,990.20",64.43028719,37309.4
5/8/2023,1.1004,0.5,2.8,"1,833.40","1,990.20",64.43028719,37309.4
5/9/2023,1.096,0.5,2.8,"1,833.40","1,990.20",64.43028719,37309.4
5/10/2023,1.098,0.5,2.8,"1,833.40","1,990.20",64.43028719,37309.4
5/11/2023,1.0914,0.5,2.8,"1,833.40","1,990.20",64.43028719,37309.4
5/12/2023,1.0848,0.5,2.8,"1,833.40","1,990.20",64.43028719,37309.4
05/15/2023,1.0872,0.5,2.8,"1,833.40","1,990.20",64.43028719,37309.4
05/16/2023,1.0861,0.5,2.8,"1,833.40","1,990.20",64.43028719,37309.4
05/17/2023,1.0839,0.5,2.8,"1,833.40","1,990.20",64.43028719,37309.4
05/18/2023,1.0769,0.5,2.8,"1,833.40","1,990.20",64.43028719,37309.4
05/19/2023,1.0802,0.5,2.8,"1,833.40","1,990.20",64.43028719,37309.4
05/22/2023,1.0811,0.5,2.8,"1,833.40","1,990.20",64.43028719,37309.4
05/23/2023,1.0768,0.5,2.8,"1,833.40","1,990.20",64.43028719,37309.4
05/24/2023,1.0748,0.5,2.8,"1,833.40","1,990.20",64.43028719,37309.4
05/25/2023,1.0719,0.5,2.8,"1,833.40","1,990.20",64.43028719,37309.4
05/26/2023,1.0724,0.5,2.8,"1,833.40","1,990.20",64.43028719,37309.4
05/29/2023,1.0705,0.5,2.8,"1,833.40","1,990.20",64.43028719,37309.4
05/30/2023,1.0733,0.5,2.8,"1,833.40","1,990.20",64.43028719,37309.4
05/31/2023,1.0688,0.5,2.8,"1,833.40","1,990.20",64.43028719,37309.4
6/1/2023,1.0761,0.5,2.8,"1,791.70","1,942.90",77.11199445,17679
6/2/2023,1.0706,0.5,2.8,"1,791.70","1,942.90",77.11199445,17679
6/5/2023,1.0712,0.5,2.8,"1,791.70","1,942.90",77.11199445,17679
6/6/2023,1.0691,0.5,2.8,"1,791.70","1,942.90",77.11199445,17679
6/7/2023,1.0697,0.5,2.8,"1,791.70","1,942.90",77.11199445,17679
6/8/2023,1.0781,0.5,2.8,"1,791.70","1,942.90",77.11199445,17679
6/9/2023,1.0747,0.5,2.8,"1,791.70","1,942.90",77.11199445,17679
6/12/2023,1.0757,0.5,2.8,"1,791.70","1,942.90",77.11199445,17679
06/13/2023,1.0791,0.5,2.8,"1,791.70","1,942.90",77.11199445,17679
06/14/2023,1.0831,0.5,2.8,"1,791.70","1,942.90",77.11199445,17679
06/15/2023,1.0945,0.5,2.8,"1,791.70","1,942.90",77.11199445,17679
06/16/2023,1.0933,0.5,2.8,"1,791.70","1,942.90",77.11199445,17679
06/19/2023,1.0922,0.5,2.8,"1,791.70","1,942.90",77.11199445,17679
06/20/2023,1.0916,0.5,2.8,"1,791.70","1,942.90",77.11199445,17679
06/21/2023,1.0984,0.5,2.8,"1,791.70","1,942.90",77.11199445,17679
06/22/2023,1.0956,0.5,2.8,"1,791.70","1,942.90",77.11199445,17679
06/23/2023,1.0889,0.5,2.8,"1,791.70","1,942.90",77.11199445,17679
06/26/2023,1.0904,0.5,2.8,"1,791.70","1,942.90",77.11199445,17679
06/27/2023,1.0959,0.5,2.8,"1,791.70","1,942.90",77.11199445,17679
06/28/2023,1.0911,0.5,2.8,"1,791.70","1,942.90",77.11199445,17679
06/29/2023,1.0864,0.5,2.8,"1,791.70","1,942.90",77.11199445,17679
06/30/2023,1.091,0.5,2.8,"1,791.70","1,942.90",77.11199445,17679
7/3/2023,1.0911,0.1,3.2,"1,762.60","1,948.90",27.48357118,15649.5
7/4/2023,1.0877,0.1,3.2,"1,762.60","1,948.90",27.48357118,15649.5
7/5/2023,1.0851,0.1,3.2,"1,762.60","1,948.90",27.48357118,15649.5
7/6/2023,1.0887,0.1,3.2,"1,762.60","1,948.90",27.48357118,15649.5
7/7/2023,1.0967,0.1,3.2,"1,762.60","1,948.90",27.48357118,15649.5
7/10/2023,1.0999,0.1,3.2,"1,762.60","1,948.90",27.48357118,15649.5
7/11/2023,1.1006,0.1,3.2,"1,762.60","1,948.90",27.48357118,15649.5
7/12/2023,1.1128,0.1,3.2,"1,762.60","1,948.90",27.48357118,15649.5
07/13/2023,1.1224,0.1,3.2,"1,762.60","1,948.90",27.48357118,15649.5
07/14/2023,1.1227,0.1,3.2,"1,762.60","1,948.90",27.48357118,15649.5
07/17/2023,1.1234,0.1,3.2,"1,762.60","1,948.90",27.48357118,15649.5
07/18/2023,1.1226,0.1,3.2,"1,762.60","1,948.90",27.48357118,15649.5
07/19/2023,1.1198,0.1,3.2,"1,762.60","1,948.90",27.48357118,15649.5
07/20/2023,1.1128,0.1,3.2,"1,762.60","1,948.90",27.48357118,15649.5
07/21/2023,1.1123,0.1,3.2,"1,762.60","1,948.90",27.48357118,15649.5
07/24/2023,1.1062,0.1,3.2,"1,762.60","1,948.90",27.48357118,15649.5
07/25/2023,1.1053,0.1,3.2,"1,762.60","1,948.90",27.48357118,15649.5
07/26/2023,1.1083,0.1,3.2,"1,762.60","1,948.90",27.48357118,15649.5
07/27/2023,1.0973,0.1,3.2,"1,762.60","1,948.90",27.48357118,15649.5
07/28/2023,1.1015,0.1,3.2,"1,762.60","1,948.90",27.48357118,15649.5
07/31/2023,1.0993,0.1,3.2,"1,762.60","1,948.90",27.48357118,15649.5
8/1/2023,1.0982,0.1,3.2,"1,759.00","1,920.00",114.10623,22258
8/2/2023,1.0936,0.1,3.2,"1,759.00","1,920.00",114.10623,22258
8/3/2023,1.0944,0.1,3.2,"1,759.00","1,920.00",114.10623,22258
8/4/2023,1.101,0.1,3.2,"1,759.00","1,920.00",114.10623,22258
8/7/2023,1.1002,0.1,3.2,"1,759.00","1,920.00",114.10623,22258
8/8/2023,1.0954,0.1,3.2,"1,759.00","1,920.00",114.10623,22258
8/9/2023,1.0973,0.1,3.2,"1,759.00","1,920.00",114.10623,22258
8/10/2023,1.0979,0.1,3.2,"1,759.00","1,920.00",114.10623,22258
8/11/2023,1.0944,0.1,3.2,"1,759.00","1,920.00",114.10623,22258
08/14/2023,1.0904,0.1,3.2,"1,759.00","1,920.00",114.10623,22258
08/15/2023,1.0904,0.1,3.2,"1,759.00","1,920.00",114.10623,22258
08/16/2023,1.0874,0.1,3.2,"1,759.00","1,920.00",114.10623,22258
08/17/2023,1.0871,0.1,3.2,"1,759.00","1,920.00",114.10623,22258
08/18/2023,1.0865,0.1,3.2,"1,759.00","1,920.00",114.10623,22258
08/21/2023,1.0891,0.1,3.2,"1,759.00","1,920.00",114.10623,22258
08/22/2023,1.0844,0.1,3.2,"1,759.00","1,920.00",114.10623,22258
08/23/2023,1.0859,0.1,3.2,"1,759.00","1,920.00",114.10623,22258
08/24/2023,1.0809,0.1,3.2,"1,759.00","1,920.00",114.10623,22258
08/25/2023,1.08,0.1,3.2,"1,759.00","1,920.00",114.10623,22258
08/28/2023,1.0817,0.1,3.2,"1,759.00","1,920.00",114.10623,22258
08/29/2023,1.0877,0.1,3.2,"1,759.00","1,920.00",114.10623,22258
08/30/2023,1.0924,0.1,3.2,"1,759.00","1,920.00",114.10623,22258
08/31/2023,1.0841,0.1,3.2,"1,759.00","1,920.00",114.10623,22258
9/1/2023,1.0773,0.1,3.2,"1,795.60","1,917.00",101.4350341,16389.5
9/4/2023,1.0794,0.1,3.2,"1,795.60","1,917.00",101.4350341,16389.5
9/5/2023,1.072,0.1,3.2,"1,795.60","1,917.00",101.4350341,16389.5
9/6/2023,1.0727,0.1,3.2,"1,795.60","1,917.00",101.4350341,16389.5
9/7/2023,1.0699,0.1,3.2,"1,795.60","1,917.00",101.4350341,16389.5
9/8/2023,1.0699,0.1,3.2,"1,795.60","1,917.00",101.4350341,16389.5
9/11/2023,1.0748,0.1,3.2,"1,795.60","1,917.00",101.4350341,16389.5
9/12/2023,1.0752,0.1,3.2,"1,795.60","1,917.00",101.4350341,16389.5
09/13/2023,1.0728,0.1,3.2,"1,795.60","1,917.00",101.4350341,16389.5
09/14/2023,1.0641,0.1,3.2,"1,795.60","1,917.00",101.4350341,16389.5
09/15/2023,1.0655,0.1,3.2,"1,795.60","1,917.00",101.4350341,16389.5
09/18/2023,1.069,0.1,3.2,"1,795.60","1,917.00",101.4350341,16389.5
09/19/2023,1.0677,0.1,3.2,"1,795.60","1,917.00",101.4350341,16389.5
09/20/2023,1.0659,0.1,3.2,"1,795.60","1,917.00",101.4350341,16389.5
09/21/2023,1.0658,0.1,3.2,"1,795.60","1,917.00",101.4350341,16389.5
09/22/2023,1.0652,0.1,3.2,"1,795.60","1,917.00",101.4350341,16389.5
09/25/2023,1.059,0.1,3.2,"1,795.60","1,917.00",101.4350341,16389.5
09/26/2023,1.057,0.1,3.2,"1,795.60","1,917.00",101.4350341,16389.5
09/27/2023,1.05,0.1,3.2,"1,795.60","1,917.00",101.4350341,16389.5
09/28/2023,1.0559,0.1,3.2,"1,795.60","1,917.00",101.4350341,16389.5
09/29/2023,1.057,0.1,3.2,"1,795.60","1,917.00",101.4350341,16389.5
10/2/2023,1.0476,0.4,3.4,"1,811.10","1,913.00",146.9505442,15354.5
10/3/2023,1.0465,0.4,3.4,"1,811.10","1,913.00",146.9505442,15354.5
10/4/2023,1.0503,0.4,3.4,"1,811.10","1,913.00",146.9505442,15354.5
10/5/2023,1.0548,0.4,3.4,"1,811.10","1,913.00",146.9505442,15354.5
10/6/2023,1.0586,0.4,3.4,"1,811.10","1,913.00",146.9505442,15354.5
10/9/2023,1.0565,0.4,3.4,"1,811.10","1,913.00",146.9505442,15354.5
10/10/2023,1.0603,0.4,3.4,"1,811.10","1,913.00",146.9505442,15354.5
10/11/2023,1.0617,0.4,3.4,"1,811.10","1,913.00",146.9505442,15354.5
10/12/2023,1.0526,0.4,3.4,"1,811.10","1,913.00",146.9505442,15354.5
10/13/2023,1.0509,0.4,3.4,"1,811.10","1,913.00",146.9505442,15354.5
10/16/2023,1.0558,0.4,3.4,"1,811.10","1,913.00",146.9505442,15354.5
10/17/2023,1.0575,0.4,3.4,"1,811.10","1,913.00",146.9505442,15354.5
10/18/2023,1.0535,0.4,3.4,"1,811.10","1,913.00",146.9505442,15354.5
10/19/2023,1.0579,0.4,3.4,"1,811.10","1,913.00",146.9505442,15354.5
10/20/2023,1.0593,0.4,3.4,"1,811.10","1,913.00",146.9505442,15354.5
10/23/2023,1.0668,0.4,3.4,"1,811.10","1,913.00",146.9505442,15354.5
10/24/2023,1.0588,0.4,3.4,"1,811.10","1,913.00",146.9505442,15354.5
10/25/2023,1.0563,0.4,3.4,"1,811.10","1,913.00",146.9505442,15354.5
10/26/2023,1.056,0.4,3.4,"1,811.10","1,913.00",146.9505442,15354.5
10/27/2023,1.0564,0.4,3.4,"1,811.10","1,913.00",146.9505442,15354.5
10/30/2023,1.0613,0.4,3.4,"1,811.10","1,913.00",146.9505442,15354.5
10/31/2023,1.0576,0.4,3.4,"1,811.10","1,913.00",146.9505442,15354.5
11/1/2023,1.0568,0.4,3.4,"1,835.60","1,985.30",100.5131516,17278.8
11/2/2023,1.062,0.4,3.4,"1,835.60","1,985.30",100.5131516,17278.8
11/3/2023,1.0729,0.4,3.4,"1,835.60","1,985.30",100.5131516,17278.8
11/6/2023,1.0715,0.4,3.4,"1,835.60","1,985.30",100.5131516,17278.8
11/7/2023,1.0699,0.4,3.4,"1,835.60","1,985.30",100.5131516,17278.8
11/8/2023,1.0707,0.4,3.4,"1,835.60","1,985.30",100.5131516,17278.8
11/9/2023,1.0666,0.4,3.4,"1,835.60","1,985.30",100.5131516,17278.8
11/10/2023,1.0681,0.4,3.4,"1,835.60","1,985.30",100.5131516,17278.8
11/13/2023,1.0697,0.4,3.4,"1,835.60","1,985.30",100.5131516,17278.8
11/14/2023,1.0879,0.4,3.4,"1,835.60","1,985.30",100.5131516,17278.8
11/15/2023,1.0846,0.4,3.4,"1,835.60","1,985.30",100.5131516,17278.8
11/16/2023,1.085,0.4,3.4,"1,835.60","1,985.30",100.5131516,17278.8
11/17/2023,1.0907,0.4,3.4,"1,835.60","1,985.30",100.5131516,17278.8
11/20/2023,1.0938,0.4,3.4,"1,835.60","1,985.30",100.5131516,17278.8
11/21/2023,1.0909,0.4,3.4,"1,835.60","1,985.30",100.5131516,17278.8
11/22/2023,1.0887,0.4,3.4,"1,835.60","1,985.30",100.5131516,17278.8
11/23/2023,1.0904,0.4,3.4,"1,835.60","1,985.30",100.5131516,17278.8
11/24/2023,1.0939,0.4,3.4,"1,835.60","1,985.30",100.5131516,17278.8
11/27/2023,1.0953,0.4,3.4,"1,835.60","1,985.30",100.5131516,17278.8
11/28/2023,1.099,0.4,3.4,"1,835.60","1,985.30",100.5131516,17278.8
11/29/2023,1.0968,0.4,3.4,"1,835.60","1,985.30",100.5131516,17278.8
11/30/2023,1.0886,0.4,3.4,"1,835.60","1,985.30",100.5131516,17278.8
12/1/2023,1.0881,0.4,3.4,"1,863.70","2,029.30",100.0096652,17109
12/4/2023,1.0836,0.4,3.4,"1,863.70","2,029.30",100.0096652,17109
12/5/2023,1.0795,0.4,3.4,"1,863.70","2,029.30",100.0096652,17109
12/6/2023,1.0762,0.4,3.4,"1,863.70","2,029.30",100.0096652,17109
12/7/2023,1.0792,0.4,3.4,"1,863.70","2,029.30",100.0096652,17109
12/8/2023,1.0761,0.4,3.4,"1,863.70","2,029.30",100.0096652,17109
12/11/2023,1.0761,0.4,3.4,"1,863.70","2,029.30",100.0096652,17109
12/12/2023,1.0792,0.4,3.4,"1,863.70","2,029.30",100.0096652,17109
12/13/2023,1.0873,0.4,3.4,"1,863.70","2,029.30",100.0096652,17109
12/14/2023,1.0991,0.4,3.4,"1,863.70","2,029.30",100.0096652,17109
12/15/2023,1.0894,0.4,3.4,"1,863.70","2,029.30",100.0096652,17109
12/18/2023,1.0922,0.4,3.4,"1,863.70","2,029.30",100.0096652,17109
12/19/2023,1.098,0.4,3.4,"1,863.70","2,029.30",100.0096652,17109
12/20/2023,1.0938,0.4,3.4,"1,863.70","2,029.30",100.0096652,17109
12/21/2023,1.1008,0.4,3.4,"1,863.70","2,029.30",100.0096652,17109
12/22/2023,1.101,0.4,3.4,"1,863.70","2,029.30",100.0096652,17109
12/25/2023,1.1007,0.4,3.4,"1,863.70","2,029.30",100.0096652,17109
12/26/2023,1.1042,0.4,3.4,"1,863.70","2,029.30",100.0096652,17109
12/27/2023,1.1103,0.4,3.4,"1,863.70","2,029.30",100.0096652,17109
12/28/2023,1.1059,0.4,3.4,"1,863.70","2,029.30",100.0096652,17109
12/29/2023,1.1036,0.4,3.4,"1,863.70","2,029.30",100.0096652,17109
1/1/2024,1.1044,0.6,2.9,"1,866.20","2,034.00",102.4679962,17865.7
1/2/2024,1.0947,0.6,2.9,"1,866.20","2,034.00",102.4679962,17865.7
1/3/2024,1.0921,0.6,2.9,"1,866.20","2,034.00",102.4679962,17865.7
1/4/2024,1.0943,0.6,2.9,"1,866.20","2,034.00",102.4679962,17865.7
1/5/2024,1.0941,0.6,2.9,"1,866.20","2,034.00",102.4679962,17865.7
1/8/2024,1.0949,0.6,2.9,"1,866.20","2,034.00",102.4679962,17865.7
1/9/2024,1.0931,0.6,2.9,"1,866.20","2,034.00",102.4679962,17865.7
1/10/2024,1.0971,0.6,2.9,"1,866.20","2,034.00",102.4679962,17865.7
1/11/2024,1.097,0.6,2.9,"1,866.20","2,034.00",102.4679962,17865.7
1/12/2024,1.0949,0.6,2.9,"1,866.20","2,034.00",102.4679962,17865.7
01/15/2024,1.0948,0.6,2.9,"1,866.20","2,034.00",102.4679962,17865.7
01/16/2024,1.0874,0.6,2.9,"1,866.20","2,034.00",102.4679962,17865.7
01/17/2024,1.0881,0.6,2.9,"1,866.20","2,034.00",102.4679962,17865.7
01/18/2024,1.0874,0.6,2.9,"1,866.20","2,034.00",102.4679962,17865.7
01/19/2024,1.0897,0.6,2.9,"1,866.20","2,034.00",102.4679962,17865.7
01/22/2024,1.0881,0.6,2.9,"1,866.20","2,034.00",102.4679962,17865.7
01/23/2024,1.0851,0.6,2.9,"1,866.20","2,034.00",102.4679962,17865.7
01/24/2024,1.0883,0.6,2.9,"1,866.20","2,034.00",102.4679962,17865.7
01/25/2024,1.0846,0.6,2.9,"1,866.20","2,034.00",102.4679962,17865.7
01/26/2024,1.0852,0.6,2.9,"1,866.20","2,034.00",102.4679962,17865.7
01/29/2024,1.0833,0.6,2.9,"1,866.20","2,034.00",102.4679962,17865.7
01/30/2024,1.084,0.6,2.9,"1,866.20","2,034.00",102.4679962,17865.7
01/31/2024,1.0816,0.6,2.9,"1,866.20","2,034.00",102.4679962,17865.7
2/1/2024,1.0872,0.6,2.9,"1,874.90","2,023.20",72.96144586,16358.1
2/2/2024,1.0784,0.6,2.9,"1,874.90","2,023.20",72.96144586,16358.1
2/5/2024,1.0741,0.6,2.9,"1,874.90","2,023.20",72.96144586,16358.1
2/6/2024,1.0754,0.6,2.9,"1,874.90","2,023.20",72.96144586,16358.1
2/7/2024,1.0771,0.6,2.9,"1,874.90","2,023.20",72.96144586,16358.1
2/8/2024,1.0776,0.6,2.9,"1,874.90","2,023.20",72.96144586,16358.1
2/9/2024,1.0782,0.6,2.9,"1,874.90","2,023.20",72.96144586,16358.1
2/12/2024,1.0771,0.6,2.9,"1,874.90","2,023.20",72.96144586,16358.1
02/13/2024,1.0709,0.6,2.9,"1,874.90","2,023.20",72.96144586,16358.1
02/14/2024,1.0725,0.6,2.9,"1,874.90","2,023.20",72.96144586,16358.1
02/15/2024,1.0771,0.6,2.9,"1,874.90","2,023.20",72.96144586,16358.1
02/16/2024,1.0774,0.6,2.9,"1,874.90","2,023.20",72.96144586,16358.1
02/19/2024,1.0777,0.6,2.9,"1,874.90","2,023.20",72.96144586,16358.1
02/20/2024,1.0803,0.6,2.9,"1,874.90","2,023.20",72.96144586,16358.1
02/21/2024,1.0817,0.6,2.9,"1,874.90","2,023.20",72.96144586,16358.1
02/22/2024,1.0823,0.6,2.9,"1,874.90","2,023.20",72.96144586,16358.1
02/23/2024,1.0818,0.6,2.9,"1,874.90","2,023.20",72.96144586,16358.1
02/26/2024,1.0847,0.6,2.9,"1,874.90","2,023.20",72.96144586,16358.1
02/27/2024,1.0844,0.6,2.9,"1,874.90","2,023.20",72.96144586,16358.1
02/28/2024,1.0836,0.6,2.9,"1,874.90","2,023.20",72.96144586,16358.1
02/29/2024,1.0803,0.6,2.9,"1,874.90","2,023.20",72.96144586,16358.1
3/1/2024,1.0837,0.6,2.9,"1,984.90","2,158.00",18.2952845,17273.9
3/4/2024,1.0854,0.6,2.9,"1,984.90","2,158.00",18.2952845,17273.9
3/5/2024,1.0855,0.6,2.9,"1,984.90","2,158.00",18.2952845,17273.9
3/6/2024,1.0897,0.6,2.9,"1,984.90","2,158.00",18.2952845,17273.9
3/7/2024,1.0946,0.6,2.9,"1,984.90","2,158.00",18.2952845,17273.9
3/8/2024,1.0937,0.6,2.9,"1,984.90","2,158.00",18.2952845,17273.9
3/11/2024,1.0926,0.6,2.9,"1,984.90","2,158.00",18.2952845,17273.9
3/12/2024,1.0924,0.6,2.9,"1,984.90","2,158.00",18.2952845,17273.9
03/13/2024,1.0946,0.6,2.9,"1,984.90","2,158.00",18.2952845,17273.9
03/14/2024,1.0881,0.6,2.9,"1,984.90","2,158.00",18.2952845,17273.9
03/15/2024,1.0887,0.6,2.9,"1,984.90","2,158.00",18.2952845,17273.9
03/18/2024,1.0871,0.6,2.9,"1,984.90","2,158.00",18.2952845,17273.9
03/19/2024,1.0865,0.6,2.9,"1,984.90","2,158.00",18.2952845,17273.9
03/20/2024,1.0918,0.6,2.9,"1,984.90","2,158.00",18.2952845,17273.9
03/21/2024,1.086,0.6,2.9,"1,984.90","2,158.00",18.2952845,17273.9
03/22/2024,1.0805,0.6,2.9,"1,984.90","2,158.00",18.2952845,17273.9
03/25/2024,1.0836,0.6,2.9,"1,984.90","2,158.00",18.2952845,17273.9
03/26/2024,1.083,0.6,2.9,"1,984.90","2,158.00",18.2952845,17273.9
03/27/2024,1.0826,0.6,2.9,"1,984.90","2,158.00",18.2952845,17273.9
03/28/2024,1.0787,0.6,2.9,"1,984.90","2,158.00",18.2952845,17273.9
03/29/2024,1.0793,0.6,2.9,"1,984.90","2,158.00",18.2952845,17273.9
4/1/2024,1.0743,0.8,3.1,"2,178.30","2,335.50",77.08639388,16746
4/2/2024,1.0768,0.8,3.1,"2,178.30","2,335.50",77.08639388,16746
4/3/2024,1.0835,0.8,3.1,"2,178.30","2,335.50",77.08639388,16746
4/4/2024,1.0835,0.8,3.1,"2,178.30","2,335.50",77.08639388,16746
4/5/2024,1.0835,0.8,3.1,"2,178.30","2,335.50",77.08639388,16746
4/8/2024,1.0858,0.8,3.1,"2,178.30","2,335.50",77.08639388,16746
4/9/2024,1.0855,0.8,3.1,"2,178.30","2,335.50",77.08639388,16746
4/10/2024,1.0742,0.8,3.1,"2,178.30","2,335.50",77.08639388,16746
4/11/2024,1.0724,0.8,3.1,"2,178.30","2,335.50",77.08639388,16746
4/12/2024,1.0642,0.8,3.1,"2,178.30","2,335.50",77.08639388,16746
04/15/2024,1.0622,0.8,3.1,"2,178.30","2,335.50",77.08639388,16746
04/16/2024,1.0617,0.8,3.1,"2,178.30","2,335.50",77.08639388,16746
04/17/2024,1.0671,0.8,3.1,"2,178.30","2,335.50",77.08639388,16746
04/18/2024,1.0643,0.8,3.1,"2,178.30","2,335.50",77.08639388,16746
04/19/2024,1.0654,0.8,3.1,"2,178.30","2,335.50",77.08639388,16746
04/22/2024,1.0654,0.8,3.1,"2,178.30","2,335.50",77.08639388,16746
04/23/2024,1.0699,0.8,3.1,"2,178.30","2,335.50",77.08639388,16746
04/24/2024,1.0697,0.8,3.1,"2,178.30","2,335.50",77.08639388,16746
04/25/2024,1.0729,0.8,3.1,"2,178.30","2,335.50",77.08639388,16746
04/26/2024,1.0692,0.8,3.1,"2,178.30","2,335.50",77.08639388,16746
04/29/2024,1.0719,0.8,3.1,"2,178.30","2,335.50",77.08639388,16746
04/30/2024,1.0665,0.8,3.1,"2,178.30","2,335.50",77.08639388,16746
5/1/2024,1.0709,0.8,3.1,"2,175.40","2,352.10",81.79694847,15083.3
5/2/2024,1.0725,0.8,3.1,"2,175.40","2,352.10",81.79694847,15083.3
5/3/2024,1.0758,0.8,3.1,"2,175.40","2,352.10",81.79694847,15083.3
5/6/2024,1.0768,0.8,3.1,"2,175.40","2,352.10",81.79694847,15083.3
5/7/2024,1.0752,0.8,3.1,"2,175.40","2,352.10",81.79694847,15083.3
5/8/2024,1.0745,0.8,3.1,"2,175.40","2,352.10",81.79694847,15083.3
5/9/2024,1.0781,0.8,3.1,"2,175.40","2,352.10",81.79694847,15083.3
5/10/2024,1.0769,0.8,3.1,"2,175.40","2,352.10",81.79694847,15083.3
05/13/2024,1.0788,0.8,3.1,"2,175.40","2,352.10",81.79694847,15083.3
05/14/2024,1.0818,0.8,3.1,"2,175.40","2,352.10",81.79694847,15083.3
05/15/2024,1.0882,0.8,3.1,"2,175.40","2,352.10",81.79694847,15083.3
05/16/2024,1.0865,0.8,3.1,"2,175.40","2,352.10",81.79694847,15083.3
05/17/2024,1.087,0.8,3.1,"2,175.40","2,352.10",81.79694847,15083.3
05/20/2024,1.0855,0.8,3.1,"2,175.40","2,352.10",81.79694847,15083.3
05/21/2024,1.0854,0.8,3.1,"2,175.40","2,352.10",81.79694847,15083.3
05/22/2024,1.0821,0.8,3.1,"2,175.40","2,352.10",81.79694847,15083.3
05/23/2024,1.0813,0.8,3.1,"2,175.40","2,352.10",81.79694847,15083.3
05/24/2024,1.0845,0.8,3.1,"2,175.40","2,352.10",81.79694847,15083.3
05/27/2024,1.0858,0.8,3.1,"2,175.40","2,352.10",81.79694847,15083.3
05/28/2024,1.0855,0.8,3.1,"2,175.40","2,352.10",81.79694847,15083.3
05/29/2024,1.08,0.8,3.1,"2,175.40","2,352.10",81.79694847,15083.3
05/30/2024,1.0832,0.8,3.1,"2,175.40","2,352.10",81.79694847,15083.3
05/31/2024,1.0841,0.8,3.1,"2,175.40","2,352.10",81.79694847,15083.3
6/3/2024,1.0902,0.8,3.1,"2,161.70","2,326.30",28.52802703,14606
6/4/2024,1.0878,0.8,3.1,"2,161.70","2,326.30",28.52802703,14606
6/5/2024,1.0868,0.8,3.1,"2,161.70","2,326.30",28.52802703,14606
6/6/2024,1.0888,0.8,3.1,"2,161.70","2,326.30",28.52802703,14606
6/7/2024,1.08,0.8,3.1,"2,161.70","2,326.30",28.52802703,14606
6/10/2024,1.0763,0.8,3.1,"2,161.70","2,326.30",28.52802703,14606
6/11/2024,1.0739,0.8,3.1,"2,161.70","2,326.30",28.52802703,14606
6/12/2024,1.0807,0.8,3.1,"2,161.70","2,326.30",28.52802703,14606
06/13/2024,1.0735,0.8,3.1,"2,161.70","2,326.30",28.52802703,14606
06/14/2024,1.07,0.8,3.1,"2,161.70","2,326.30",28.52802703,14606
06/17/2024,1.0734,0.8,3.1,"2,161.70","2,326.30",28.52802703,14606
06/18/2024,1.0738,0.8,3.1,"2,161.70","2,326.30",28.52802703,14606
06/19/2024,1.0742,0.8,3.1,"2,161.70","2,326.30",28.52802703,14606
06/20/2024,1.07,0.8,3.1,"2,161.70","2,326.30",28.52802703,14606
06/21/2024,1.0691,0.8,3.1,"2,161.70","2,326.30",28.52802703,14606
06/24/2024,1.0732,0.8,3.1,"2,161.70","2,326.30",28.52802703,14606
06/25/2024,1.0713,0.8,3.1,"2,161.70","2,326.30",28.52802703,14606
06/26/2024,1.0679,0.8,3.1,"2,161.70","2,326.30",28.52802703,14606
06/27/2024,1.0702,0.8,3.1,"2,161.70","2,326.30",28.52802703,14606
06/28/2024,1.0713,0.8,3.1,"2,161.70","2,326.30",28.52802703,14606